{"StreamConfig":{},"State":{"Running":true,"Paused":false,"Restarting":false,"OOMKilled":false,"RemovalInProgress":false,"Dead":false,"Pid":107471,"ExitCode":0,"Error":"","StartedAt":"2024-04-14T00:57:48.208567635Z","FinishedAt":"0001-01-01T00:00:00Z","Health":null},"ID":"2842925255ef9daa182fb21c5a1f91a6af2916fe339ffe9e0357bf02a1d631ca","Created":"2024-04-14T00:57:47.835134714Z","Managed":false,"Path":"/start.sh","Args":[],"Config":{"Hostname":"2842925255ef","Domainname":"","User":"","AttachStdin":false,"AttachStdout":false,"AttachStderr":false,"ExposedPorts":{"80/tcp":{},"8000/tcp":{}},"Tty":false,"OpenStdin":false,"StdinOnce":false,"Env":["PORT=8000","PATH=/usr/local/bin:/usr/local/sbin:/usr/local/bin:/usr/sbin:/usr/bin:/sbin:/bin","LANG=C.UTF-8","GPG_KEY=E3FF2839C048B25C084DEBE9B26995E310250568","PYTHON_VERSION=3.9.19","PYTHON_PIP_VERSION=23.0.1","PYTHON_SETUPTOOLS_VERSION=58.1.0","PYTHON_GET_PIP_URL=https://github.com/pypa/get-pip/raw/dbf0c85f76fb6e1ab42aa672ffca6f0a675d9ee4/public/get-pip.py","PYTHON_GET_PIP_SHA256=dfe9fd5c28dc98b5ac17979a953ea550cec37ae1b47a5116007395bfacff2ab9","PYTHONDONTWRITEBYTECODE=1","PYTHONUNBUFFERED=1","PYTHONPATH=/app"],"Cmd":["/start.sh"],"Image":"api_api","Volumes":null,"WorkingDir":"/app","Entrypoint":null,"OnBuild":null,"Labels":{"com.docker.compose.config-hash":"e7a6f30542576535383b04802c7fb3acaf8f43f0bf8a13827b43dbb2c063fb7f","com.docker.compose.container-number":"1","com.docker.compose.oneoff":"False","com.docker.compose.project":"api","com.docker.compose.project.config_files":"compose.yaml","com.docker.compose.project.working_dir":"/home/evgeny/Code/Merc/API","com.docker.compose.service":"api","com.docker.compose.version":"1.29.2","maintainer":"Sebastian Ramirez \u003ctiangolo@gmail.com\u003e"}},"Image":"sha256:370a256fb86cbbe672a835919f635c95d0ebd34a96faea199c439f394af54fe2","ImageManifest":null,"NetworkSettings":{"Bridge":"","SandboxID":"7b8d5cb3fcd0ebb546e0ef3f4fe4e9c5a465567fbb70765bf02e895d38e672a3","HairpinMode":false,"LinkLocalIPv6Address":"","LinkLocalIPv6PrefixLen":0,"Networks":{"api_default":{"IPAMConfig":null,"Links":null,"Aliases":["api","2842925255ef"],"NetworkID":"4cc0adbc66ec0ce9de41d9837ae18e2297327284e87751aa162c88defbfb7315","EndpointID":"45ab7c9c933d45add5c3d2c3b7131923b994c480940736270b7af474127c9c2d","Gateway":"172.19.0.1","IPAddress":"172.19.0.2","IPPrefixLen":16,"IPv6Gateway":"","GlobalIPv6Address":"","GlobalIPv6PrefixLen":0,"MacAddress":"02:42:ac:13:00:02","DriverOpts":null,"IPAMOperational":false}},"Service":null,"Ports":{"80/tcp":null,"8000/tcp":[{"HostIp":"0.0.0.0","HostPort":"8000"},{"HostIp":"::","HostPort":"8000"}]},"SandboxKey":"/var/run/docker/netns/7b8d5cb3fcd0","SecondaryIPAddresses":null,"SecondaryIPv6Addresses":null,"IsAnonymousEndpoint":false,"HasSwarmEndpoint":false},"LogPath":"/var/lib/docker/containers/2842925255ef9daa182fb21c5a1f91a6af2916fe339ffe9e0357bf02a1d631ca/2842925255ef9daa182fb21c5a1f91a6af2916fe339ffe9e0357bf02a1d631ca-json.log","Name":"/fastapi-application","Driver":"overlay2","OS":"linux","RestartCount":0,"HasBeenStartedBefore":true,"HasBeenManuallyStopped":false,"MountPoints":{},"SecretReferences":null,"ConfigReferences":null,"MountLabel":"","ProcessLabel":"","AppArmorProfile":"docker-default","SeccompProfile":"","NoNewPrivileges":false,"HostnamePath":"/var/lib/docker/containers/2842925255ef9daa182fb21c5a1f91a6af2916fe339ffe9e0357bf02a1d631ca/hostname","HostsPath":"/var/lib/docker/containers/2842925255ef9daa182fb21c5a1f91a6af2916fe339ffe9e0357bf02a1d631ca/hosts","ShmPath":"","ResolvConfPath":"/var/lib/docker/containers/2842925255ef9daa182fb21c5a1f91a6af2916fe339ffe9e0357bf02a1d631ca/resolv.conf","LocalLogCacheMeta":{"HaveNotifyEnabled":false}}
